/nobel_prizes/medicine/laureates/2017/index.html,7495,
/nobel_prizes/physics/laureates/2017/index.html,6663,
/nobel_prizes/peace/laureates/2017/index.html,5929,
/nobel_prizes/literature/laureates/2017/index.html,4864,
/nobel_prizes/chemistry/laureates/2017/index.html,4748,
/nobel_prizes/physics/laureates/1921/index.html,2229,
/nobel_prizes/literature/laureates/1913/index.html,1282,
/nobel_prizes/medicine/laureates/2016/index.html,1194,
/nobel_prizes/physics/laureates/2016/index.html,1186,
/nobel_prizes/peace/laureates/1993/index.html,1040,
/nobel_prizes/chemistry/laureates/2016/index.html,999,
/nobel_prizes/medicine/laureates/1962/index.html,971,
/nobel_prizes/peace/laureates/2009/index.html,957,
/nobel_prizes/peace/laureates/2014/index.html,917,
/nobel_prizes/peace/laureates/2016/index.html,889,
/nobel_prizes/literature/laureates/2016/index.html,864,
/nobel_prizes/peace/laureates/2007/index.html,834,
/nobel_prizes/medicine/laureates/2015/index.html,816,
/nobel_prizes/physics/laureates/1903/index.html,782,
/nobel_prizes/medicine/laureates/2009/index.html,676,
/nobel_prizes/medicine/laureates/2014/index.html,633,
/nobel_prizes/peace/laureates/1964/index.html,604,
/nobel_prizes/chemistry/laureates/2015/index.html,591,
/nobel_prizes/physics/laureates/2015/index.html,586,
/nobel_prizes/physics/laureates/2013/index.html,575,
/nobel_prizes/physics/laureates/2011/index.html,558,
/nobel_prizes/physics/laureates/2010/index.html,543,
/nobel_prizes/peace/laureates/2015/index.html,540,
/nobel_prizes/literature/laureates/2015/index.html,533,
/nobel_prizes/chemistry/laureates/2008/index.html,525,
/nobel_prizes/chemistry/laureates/2014/index.html,512,
/nobel_prizes/physics/laureates/2014/index.html,503,
/nobel_prizes/medicine/laureates/2012/index.html,502,
/nobel_prizes/literature/laureates/1954/index.html,500,
/nobel_prizes/peace/laureates/2011/index.html,473,
/nobel_prizes/chemistry/laureates/1911/index.html,471,
/nobel_prizes/peace/laureates/1994/index.html,460,
/nobel_prizes/peace/laureates/2012/index.html,456,
/nobel_prizes/literature/laureates/1953/index.html,443,
/nobel_prizes/medicine/laureates/1945/index.html,428,
/nobel_prizes/physics/laureates/1922/index.html,425,
/nobel_prizes/chemistry/laureates/2009/index.html,419,
/nobel_prizes/physics/laureates/2012/index.html,418,
/nobel_prizes/physics/laureates/2009/index.html,408,
/nobel_prizes/peace/laureates/2010/index.html,403,
/nobel_prizes/medicine/laureates/2013/index.html,401,
/nobel_prizes/medicine/laureates/2006/index.html,390,
/nobel_prizes/medicine/laureates/2000/index.html,389,
/nobel_prizes/physics/laureates/1965/index.html,377,
/nobel_prizes/chemistry/laureates/2013/index.html,365,
/nobel_prizes/medicine/laureates/2011/index.html,362,
/nobel_prizes/peace/laureates/2006/index.html,347,
/nobel_prizes/medicine/laureates/2001/index.html,343,
/nobel_prizes/chemistry/laureates/2010/index.html,336,
/nobel_prizes/peace/laureates/2013/index.html,334,
/nobel_prizes/chemistry/laureates/2012/index.html,333,
/nobel_prizes/peace/laureates/2002/index.html,332,
/nobel_prizes/physics/laureates/2007/index.html,322,
/nobel_prizes/literature/laureates/1962/index.html,319,
/nobel_prizes/physics/laureates/1930/index.html,316,
/nobel_prizes/physics/laureates/1933/index.html,306,
/nobel_prizes/chemistry/laureates/2003/index.html,296,
/nobel_prizes/literature/laureates/2013/index.html,296,
/nobel_prizes/medicine/laureates/2008/index.html,295,
/nobel_prizes/literature/laureates/2010/index.html,292,
/nobel_prizes/peace/laureates/1979/index.html,292,
/nobel_prizes/peace/laureates/2008/index.html,291,
/nobel_prizes/physics/laureates/1986/index.html,290,
/nobel_prizes/literature/laureates/1982/index.html,288,
/nobel_prizes/medicine/laureates/2004/index.html,288,
/nobel_prizes/chemistry/laureates/2000/index.html,286,
/nobel_prizes/medicine/laureates/2003/index.html,286,
/nobel_prizes/literature/laureates/2014/index.html,283,
/nobel_prizes/physics/laureates/1915/index.html,283,
/nobel_prizes/physics/laureates/1901/index.html,282,
/nobel_prizes/medicine/laureates/2002/index.html,272,
/nobel_prizes/medicine/laureates/2007/index.html,272,
/nobel_prizes/medicine/laureates/1923/index.html,265,
/nobel_prizes/physics/laureates/2001/index.html,262,
/nobel_prizes/medicine/laureates/1998/index.html,261,
/nobel_prizes/peace/laureates/1991/index.html,257,
/nobel_prizes/medicine/laureates/1931/index.html,256,
/nobel_prizes/chemistry/laureates/2011/index.html,253,
/nobel_prizes/medicine/laureates/2010/index.html,249,
/nobel_prizes/physics/laureates/1906/index.html,248,
/nobel_prizes/literature/laureates/2012/index.html,245,
/nobel_prizes/peace/laureates/1997/index.html,245,
/nobel_prizes/medicine/laureates/2005/index.html,243,
/nobel_prizes/literature/laureates/1993/index.html,242,
/nobel_prizes/chemistry/laureates/2001/index.html,241,
/nobel_prizes/chemistry/laureates/1908/index.html,240,
/nobel_prizes/literature/laureates/1957/index.html,240,
/nobel_prizes/medicine/laureates/1981/index.html,238,
/nobel_prizes/chemistry/laureates/2002/index.html,236,
/nobel_prizes/literature/laureates/1971/index.html,235,
/nobel_prizes/chemistry/laureates/1980/index.html,230,
/nobel_prizes/chemistry/laureates/1993/index.html,228,
/nobel_prizes/chemistry/laureates/2004/index.html,224,
/nobel_prizes/chemistry/laureates/2005/index.html,224,
/nobel_prizes/peace/laureates/1901/index.html,219,
/nobel_prizes/peace/laureates/2004/index.html,217,
/nobel_prizes/medicine/laureates/1995/index.html,216,
/nobel_prizes/chemistry/laureates/2006/index.html,215,
/nobel_prizes/physics/laureates/1932/index.html,212,
/nobel_prizes/chemistry/laureates/2007/index.html,211,
/nobel_prizes/peace/laureates/2003/index.html,208,
/nobel_prizes/medicine/laureates/1904/index.html,205,
/nobel_prizes/physics/laureates/1918/index.html,202,
/nobel_prizes/physics/laureates/2005/index.html,202,
/nobel_prizes/medicine/laureates/1930/index.html,200,
/nobel_prizes/physics/laureates/2000/index.html,199,
/nobel_prizes/peace/laureates/1965/index.html,198,
/nobel_prizes/physics/laureates/1956/index.html,198,
/nobel_prizes/medicine/laureates/1906/index.html,195,
/nobel_prizes/physics/laureates/2008/index.html,195,
/nobel_prizes/chemistry/laureates/1997/index.html,194,
/nobel_prizes/peace/laureates/2000/index.html,194,
/nobel_prizes/medicine/laureates/1949/index.html,193,
/nobel_prizes/peace/laureates/1989/index.html,192,
/nobel_prizes/chemistry/laureates/1996/index.html,191,
/nobel_prizes/physics/laureates/2006/index.html,190,
/nobel_prizes/physics/laureates/2004/index.html,189,
/nobel_prizes/literature/laureates/1925/index.html,188,
/nobel_prizes/chemistry/laureates/1954/index.html,185,
/nobel_prizes/literature/laureates/1983/index.html,185,
/nobel_prizes/peace/laureates/1992/index.html,185,
/nobel_prizes/literature/laureates/1949/index.html,184,
/nobel_prizes/literature/laureates/2007/index.html,182,
/nobel_prizes/chemistry/laureates/1995/index.html,181,
/nobel_prizes/physics/laureates/1923/index.html,181,
/nobel_prizes/physics/laureates/1993/index.html,179,
/nobel_prizes/peace/laureates/1990/index.html,178,
/nobel_prizes/peace/laureates/2005/index.html,177,
/nobel_prizes/physics/laureates/1979/index.html,171,
/nobel_prizes/peace/laureates/2001/index.html,170,
/nobel_prizes/physics/laureates/1935/index.html,168,
/nobel_prizes/literature/laureates/1907/index.html,167,
/nobel_prizes/medicine/laureates/1968/index.html,167,
/nobel_prizes/chemistry/laureates/1935/index.html,164,
/nobel_prizes/medicine/laureates/1973/index.html,164,
/nobel_prizes/physics/laureates/2002/index.html,162,
/nobel_prizes/peace/laureates/1988/index.html,160,
/nobel_prizes/literature/laureates/2006/index.html,156,
/nobel_prizes/literature/laureates/2011/index.html,155,
/nobel_prizes/medicine/laureates/1999/index.html,155,
/nobel_prizes/peace/laureates/1931/index.html,153,
/nobel_prizes/peace/laureates/1984/index.html,153,
/nobel_prizes/peace/laureates/1986/index.html,152,
/nobel_prizes/literature/laureates/1950/index.html,150,
/nobel_prizes/literature/laureates/1995/index.html,150,
/nobel_prizes/physics/laureates/2003/index.html,149,
/nobel_prizes/medicine/laureates/1983/index.html,148,
/nobel_prizes/medicine/laureates/1989/index.html,147,
/nobel_prizes/physics/laureates/1997/index.html,147,
/nobel_prizes/chemistry/laureates/1964/index.html,146,
/nobel_prizes/literature/laureates/1998/index.html,144,
/nobel_prizes/physics/laureates/1904/index.html,144,
/nobel_prizes/chemistry/laureates/1918/index.html,143,
/nobel_prizes/physics/laureates/1929/index.html,142,
/nobel_prizes/literature/laureates/1969/index.html,139,
/nobel_prizes/medicine/laureates/1984/index.html,139,
/nobel_prizes/peace/laureates/1999/index.html,139,
/nobel_prizes/chemistry/laureates/1998/index.html,138,
/nobel_prizes/literature/laureates/1923/index.html,138,
/nobel_prizes/medicine/laureates/1959/index.html,138,
/nobel_prizes/literature/laureates/2001/index.html,137,
/nobel_prizes/literature/laureates/2000/index.html,136,
/nobel_prizes/peace/laureates/1906/index.html,136,
/nobel_prizes/chemistry/laureates/1987/index.html,134,
/nobel_prizes/medicine/laureates/1953/index.html,134,
/nobel_prizes/medicine/laureates/1993/index.html,133,
/nobel_prizes/medicine/laureates/1908/index.html,132,
/nobel_prizes/physics/laureates/1902/index.html,132,
/nobel_prizes/medicine/laureates/1965/index.html,131,
/nobel_prizes/medicine/laureates/1986/index.html,130,
/nobel_prizes/physics/laureates/1963/index.html,130,
/nobel_prizes/literature/laureates/1996/index.html,129,
/nobel_prizes/medicine/laureates/1978/index.html,129,
/nobel_prizes/medicine/laureates/1979/index.html,129,
/nobel_prizes/peace/laureates/1998/index.html,129,
/nobel_prizes/physics/laureates/1938/index.html,129,
/nobel_prizes/medicine/laureates/1997/index.html,128,
/nobel_prizes/physics/laureates/1937/index.html,128,
/nobel_prizes/chemistry/laureates/1962/index.html,127,
/nobel_prizes/literature/laureates/2009/index.html,127,
/nobel_prizes/physics/laureates/1952/index.html,126,
/nobel_prizes/chemistry/laureates/1901/index.html,125,
/nobel_prizes/literature/laureates/1988/index.html,125,
/nobel_prizes/medicine/laureates/1933/index.html,124,
/nobel_prizes/medicine/laureates/1994/index.html,123,
/nobel_prizes/chemistry/laureates/1903/index.html,122,
/nobel_prizes/medicine/laureates/1963/index.html,122,
/nobel_prizes/medicine/laureates/1991/index.html,121,
/nobel_prizes/literature/laureates/1958/index.html,120,
/nobel_prizes/medicine/laureates/1974/index.html,120,
/nobel_prizes/medicine/laureates/1977/index.html,118,
/nobel_prizes/physics/laureates/1909/index.html,118,
/nobel_prizes/literature/laureates/1948/index.html,117,
/nobel_prizes/literature/laureates/2005/index.html,117,
/nobel_prizes/literature/laureates/2008/index.html,117,
/nobel_prizes/medicine/laureates/1975/index.html,117,
/nobel_prizes/peace/laureates/1995/index.html,117,
/nobel_prizes/physics/laureates/1978/index.html,117,
/nobel_prizes/medicine/laureates/1905/index.html,116,
/nobel_prizes/medicine/laureates/1958/index.html,116,
/nobel_prizes/peace/laureates/1978/index.html,116,
/nobel_prizes/medicine/laureates/1985/index.html,115,
/nobel_prizes/physics/laureates/1911/index.html,115,
/nobel_prizes/chemistry/laureates/1963/index.html,114,
/nobel_prizes/literature/laureates/1901/index.html,114,
/nobel_prizes/literature/laureates/1986/index.html,114,
/nobel_prizes/medicine/laureates/1902/index.html,114,
/nobel_prizes/literature/laureates/1964/index.html,113,
/nobel_prizes/literature/laureates/1970/index.html,112,
/nobel_prizes/literature/laureates/1994/index.html,112,
/nobel_prizes/literature/laureates/2003/index.html,112,
/nobel_prizes/physics/laureates/1972/index.html,112,
/nobel_prizes/medicine/laureates/1996/index.html,111,
/nobel_prizes/literature/laureates/1997/index.html,110,
/nobel_prizes/medicine/laureates/1901/index.html,110,
/nobel_prizes/medicine/laureates/1988/index.html,110,
/nobel_prizes/literature/laureates/1990/index.html,109,
/nobel_prizes/physics/laureates/1936/index.html,109,
/nobel_prizes/medicine/laureates/1947/index.html,108,
/nobel_prizes/peace/laureates/1973/index.html,108,
/nobel_prizes/peace/laureates/1996/index.html,108,
/nobel_prizes/physics/laureates/1924/index.html,108,
/nobel_prizes/physics/laureates/1974/index.html,108,
/nobel_prizes/chemistry/laureates/1958/index.html,106,
/nobel_prizes/literature/laureates/1991/index.html,106,
/nobel_prizes/medicine/laureates/1990/index.html,106,
/nobel_prizes/physics/laureates/1954/index.html,105,
/nobel_prizes/physics/laureates/1999/index.html,105,
/nobel_prizes/literature/laureates/1938/index.html,104,
/nobel_prizes/physics/laureates/1964/index.html,104,
/nobel_prizes/physics/laureates/1967/index.html,104,
/nobel_prizes/physics/laureates/1998/index.html,104,
/nobel_prizes/physics/laureates/1957/index.html,102,
/nobel_prizes/physics/laureates/1983/index.html,102,
/nobel_prizes/chemistry/laureates/1999/index.html,101,
/nobel_prizes/peace/laureates/1976/index.html,101,
/nobel_prizes/medicine/laureates/1950/index.html,100,
/nobel_prizes/medicine/laureates/1970/index.html,100,
/nobel_prizes/peace/laureates/1962/index.html,100,
/nobel_prizes/peace/laureates/1987/index.html,99,
/nobel_prizes/physics/laureates/1925/index.html,98,
/nobel_prizes/physics/laureates/1945/index.html,98,
/nobel_prizes/physics/laureates/1984/index.html,98,
/nobel_prizes/medicine/laureates/1932/index.html,97,
/nobel_prizes/peace/laureates/1985/index.html,97,
/nobel_prizes/physics/laureates/1975/index.html,97,
/nobel_prizes/physics/laureates/1991/index.html,97,
/nobel_prizes/medicine/laureates/1948/index.html,95,
/nobel_prizes/medicine/laureates/1960/index.html,95,
/nobel_prizes/medicine/laureates/1987/index.html,95,
/nobel_prizes/peace/laureates/1963/index.html,95,
/nobel_prizes/physics/laureates/1914/index.html,93,
/nobel_prizes/physics/laureates/1977/index.html,93,
/nobel_prizes/chemistry/laureates/1912/index.html,92,
/nobel_prizes/medicine/laureates/1969/index.html,92,
/nobel_prizes/peace/laureates/1969/index.html,92,
/nobel_prizes/physics/laureates/1907/index.html,92,
/nobel_prizes/chemistry/laureates/1972/index.html,91,
/nobel_prizes/literature/laureates/2004/index.html,91,
/nobel_prizes/chemistry/laureates/1952/index.html,90,
/nobel_prizes/chemistry/laureates/1989/index.html,90,
/nobel_prizes/medicine/laureates/1936/index.html,90,
/nobel_prizes/physics/laureates/1920/index.html,90,
/nobel_prizes/medicine/laureates/1946/index.html,89,
/nobel_prizes/literature/laureates/1981/index.html,88,
/nobel_prizes/physics/laureates/1969/index.html,88,
/nobel_prizes/physics/laureates/1987/index.html,88,
/nobel_prizes/chemistry/laureates/1902/index.html,87,
/nobel_prizes/chemistry/laureates/1944/index.html,87,
/nobel_prizes/chemistry/laureates/1946/index.html,87,
/nobel_prizes/peace/laureates/1970/index.html,87,
/nobel_prizes/physics/laureates/1927/index.html,87,
/nobel_prizes/medicine/laureates/1992/index.html,86,
/nobel_prizes/physics/laureates/1910/index.html,86,
/nobel_prizes/literature/laureates/1945/index.html,85,
/nobel_prizes/literature/laureates/1946/index.html,85,
/nobel_prizes/peace/laureates/1919/index.html,85,
/nobel_prizes/chemistry/laureates/1979/index.html,84,
/nobel_prizes/physics/laureates/1908/index.html,84,
/nobel_prizes/physics/laureates/1926/index.html,84,
/nobel_prizes/literature/laureates/1968/index.html,83,
/nobel_prizes/literature/laureates/1999/index.html,83,
/nobel_prizes/physics/laureates/1973/index.html,83,
/nobel_prizes/physics/laureates/1905/index.html,82,
/nobel_prizes/physics/laureates/1990/index.html,82,
/nobel_prizes/chemistry/laureates/1965/index.html,81,
/nobel_prizes/peace/laureates/1982/index.html,81,
/nobel_prizes/physics/laureates/1971/index.html,81,
/nobel_prizes/physics/laureates/1996/index.html,81,
/nobel_prizes/peace/laureates/1952/index.html,80,
/nobel_prizes/chemistry/laureates/1988/index.html,79,
/nobel_prizes/chemistry/laureates/1991/index.html,79,
/nobel_prizes/peace/laureates/1983/index.html,79,
/nobel_prizes/chemistry/laureates/1978/index.html,78,
/nobel_prizes/physics/laureates/1982/index.html,78,
/nobel_prizes/literature/laureates/1929/index.html,77,
/nobel_prizes/literature/laureates/2002/index.html,77,
/nobel_prizes/medicine/laureates/1937/index.html,77,
/nobel_prizes/physics/laureates/1953/index.html,77,
/nobel_prizes/physics/laureates/1994/index.html,77,
/nobel_prizes/physics/laureates/1992/index.html,76,
/nobel_prizes/physics/laureates/1995/index.html,76,
/nobel_prizes/literature/laureates/1947/index.html,75,
/nobel_prizes/literature/laureates/1961/index.html,75,
/nobel_prizes/peace/laureates/1980/index.html,75,
/nobel_prizes/physics/laureates/1944/index.html,75,
/nobel_prizes/chemistry/laureates/1950/index.html,74,
/nobel_prizes/medicine/laureates/1966/index.html,74,
/nobel_prizes/physics/laureates/1962/index.html,74,
/nobel_prizes/chemistry/laureates/1961/index.html,73,
/nobel_prizes/chemistry/laureates/1981/index.html,73,
/nobel_prizes/physics/laureates/1913/index.html,73,
/nobel_prizes/physics/laureates/1981/index.html,73,
/nobel_prizes/chemistry/laureates/1967/index.html,72,
/nobel_prizes/literature/laureates/1992/index.html,72,
/nobel_prizes/peace/laureates/1966/index.html,72,
/nobel_prizes/physics/laureates/1934/index.html,72,
/nobel_prizes/chemistry/laureates/1994/index.html,71,
/nobel_prizes/peace/laureates/1974/index.html,71,
/nobel_prizes/peace/laureates/1968/index.html,70,
/nobel_prizes/physics/laureates/1985/index.html,70,
/nobel_prizes/peace/laureates/1971/index.html,69,
/nobel_prizes/physics/laureates/1919/index.html,69,
/nobel_prizes/chemistry/laureates/1909/index.html,68,
/nobel_prizes/chemistry/laureates/1973/index.html,68,
/nobel_prizes/literature/laureates/1909/index.html,68,
/nobel_prizes/literature/laureates/1987/index.html,68,
/nobel_prizes/physics/laureates/1951/index.html,67,
/nobel_prizes/chemistry/laureates/1951/index.html,66,
/nobel_prizes/literature/laureates/1902/index.html,66,
/nobel_prizes/peace/laureates/1975/index.html,66,
/nobel_prizes/physics/laureates/1950/index.html,66,
/nobel_prizes/literature/laureates/1989/index.html,65,
/nobel_prizes/medicine/laureates/1952/index.html,65,
/nobel_prizes/physics/laureates/1958/index.html,65,
/nobel_prizes/chemistry/laureates/1982/index.html,64,
/nobel_prizes/literature/laureates/1914/index.html,64,
/nobel_prizes/medicine/laureates/1924/index.html,64,
/nobel_prizes/physics/laureates/1943/index.html,64,
/nobel_prizes/physics/laureates/1976/index.html,64,
/nobel_prizes/chemistry/laureates/1986/index.html,63,
/nobel_prizes/literature/laureates/1972/index.html,63,
/nobel_prizes/literature/laureates/1978/index.html,63,
/nobel_prizes/medicine/laureates/1903/index.html,63,
/nobel_prizes/peace/laureates/1905/index.html,63,
/nobel_prizes/peace/laureates/1960/index.html,63,
/nobel_prizes/peace/laureates/1977/index.html,63,
/nobel_prizes/peace/laureates/1981/index.html,63,
/nobel_prizes/chemistry/laureates/1990/index.html,62,
/nobel_prizes/literature/laureates/1976/index.html,62,
/nobel_prizes/peace/laureates/1922/index.html,62,
/nobel_prizes/physics/laureates/1917/index.html,62,
/nobel_prizes/physics/laureates/1931/index.html,62,
/nobel_prizes/physics/laureates/1939/index.html,62,
/nobel_prizes/literature/laureates/1980/index.html,61,
/nobel_prizes/medicine/laureates/1982/index.html,61,
/nobel_prizes/literature/laureates/1905/index.html,60,
/nobel_prizes/physics/laureates/1988/index.html,60,
/nobel_prizes/chemistry/laureates/1905/index.html,59,
/nobel_prizes/literature/laureates/1979/index.html,59,
/nobel_prizes/chemistry/laureates/1904/index.html,58,
/nobel_prizes/chemistry/laureates/1906/index.html,58,
/nobel_prizes/chemistry/laureates/1992/index.html,58,
/nobel_prizes/literature/laureates/1903/index.html,58,
/nobel_prizes/peace/laureates/1946/index.html,58,
/nobel_prizes/physics/laureates/1949/index.html,58,
/nobel_prizes/physics/laureates/1959/index.html,58,
/nobel_prizes/chemistry/laureates/1977/index.html,57,
/nobel_prizes/medicine/laureates/1971/index.html,57,
/nobel_prizes/physics/laureates/1966/index.html,57,
/nobel_prizes/physics/laureates/1989/index.html,57,
/nobel_prizes/chemistry/laureates/1939/index.html,56,
/nobel_prizes/medicine/laureates/1922/index.html,56,
/nobel_prizes/chemistry/laureates/1913/index.html,55,
/nobel_prizes/chemistry/laureates/1960/index.html,55,
/nobel_prizes/literature/laureates/1967/index.html,55,
/nobel_prizes/physics/laureates/1928/index.html,55,
/nobel_prizes/literature/laureates/1955/index.html,54,
/nobel_prizes/chemistry/laureates/1907/index.html,53,
/nobel_prizes/chemistry/laureates/1921/index.html,53,
/nobel_prizes/peace/laureates/1967/index.html,53,
/nobel_prizes/peace/laureates/1972/index.html,53,
/nobel_prizes/physics/laureates/1912/index.html,53,
/nobel_prizes/chemistry/laureates/1915/index.html,52,
/nobel_prizes/chemistry/laureates/1931/index.html,52,
/nobel_prizes/chemistry/laureates/1969/index.html,52,
/nobel_prizes/literature/laureates/1966/index.html,52,
/nobel_prizes/medicine/laureates/1980/index.html,52,
/nobel_prizes/peace/laureates/1949/index.html,52,
/nobel_prizes/physics/laureates/1960/index.html,52,
/nobel_prizes/physics/laureates/1968/index.html,52,
/nobel_prizes/chemistry/laureates/1937/index.html,51,
/nobel_prizes/literature/laureates/1927/index.html,51,
/nobel_prizes/literature/laureates/1973/index.html,51,
/nobel_prizes/literature/laureates/1985/index.html,51,
/nobel_prizes/physics/laureates/1955/index.html,51,
/nobel_prizes/literature/laureates/1930/index.html,50,
/nobel_prizes/medicine/laureates/1934/index.html,50,
/nobel_prizes/medicine/laureates/1976/index.html,50,
/nobel_prizes/peace/laureates/1950/index.html,50,
/nobel_prizes/peace/laureates/1961/index.html,50,
/nobel_prizes/chemistry/laureates/1957/index.html,49,
/nobel_prizes/literature/laureates/1904/index.html,49,
/nobel_prizes/literature/laureates/1936/index.html,49,
/nobel_prizes/medicine/laureates/1927/index.html,49,
/nobel_prizes/medicine/laureates/1956/index.html,49,
/nobel_prizes/medicine/laureates/1967/index.html,49,
/nobel_prizes/peace/laureates/1954/index.html,49,
/nobel_prizes/physics/laureates/1980/index.html,49,
/nobel_prizes/physics/laureates/1970/index.html,48,
/nobel_prizes/chemistry/laureates/1968/index.html,47,
/nobel_prizes/chemistry/laureates/1985/index.html,47,
/nobel_prizes/literature/laureates/1920/index.html,47,
/nobel_prizes/literature/laureates/1965/index.html,47,
/nobel_prizes/medicine/laureates/1964/index.html,47,
/nobel_prizes/medicine/laureates/1972/index.html,47,
/nobel_prizes/chemistry/laureates/1930/index.html,46,
/nobel_prizes/literature/laureates/1974/index.html,46,
/nobel_prizes/medicine/laureates/1929/index.html,46,
/nobel_prizes/peace/laureates/1935/index.html,46,
/nobel_prizes/chemistry/laureates/1922/index.html,45,
/nobel_prizes/chemistry/laureates/1947/index.html,45,
/nobel_prizes/literature/laureates/1924/index.html,45,
/nobel_prizes/literature/laureates/1963/index.html,45,
/nobel_prizes/physics/laureates/1916/index.html,45,
/nobel_prizes/physics/laureates/1947/index.html,45,
/nobel_prizes/physics/laureates/1948/index.html,45,
/nobel_prizes/chemistry/laureates/1959/index.html,44,
/nobel_prizes/literature/laureates/1977/index.html,44,
/nobel_prizes/medicine/laureates/1909/index.html,44,
/nobel_prizes/medicine/laureates/1961/index.html,44,
/nobel_prizes/peace/laureates/1938/index.html,44,
/nobel_prizes/chemistry/laureates/1932/index.html,43,
/nobel_prizes/chemistry/laureates/1938/index.html,43,
/nobel_prizes/medicine/laureates/1954/index.html,43,
/nobel_prizes/peace/laureates/1957/index.html,43,
/nobel_prizes/chemistry/laureates/1910/index.html,42,
/nobel_prizes/chemistry/laureates/1920/index.html,42,
/nobel_prizes/chemistry/laureates/1945/index.html,42,
/nobel_prizes/chemistry/laureates/1975/index.html,42,
/nobel_prizes/physics/laureates/1961/index.html,42,
/nobel_prizes/chemistry/laureates/1929/index.html,41,
/nobel_prizes/chemistry/laureates/1948/index.html,41,
/nobel_prizes/chemistry/laureates/1953/index.html,41,
/nobel_prizes/medicine/laureates/1943/index.html,41,
/nobel_prizes/physics/laureates/1946/index.html,41,
/nobel_prizes/chemistry/laureates/1914/index.html,40,
/nobel_prizes/chemistry/laureates/1936/index.html,40,
/nobel_prizes/chemistry/laureates/1943/index.html,40,
/nobel_prizes/chemistry/laureates/1983/index.html,40,
/nobel_prizes/literature/laureates/1921/index.html,40,
/nobel_prizes/medicine/laureates/1951/index.html,40,
/nobel_prizes/medicine/laureates/1907/index.html,39,
/nobel_prizes/chemistry/laureates/1927/index.html,38,
/nobel_prizes/literature/laureates/1975/index.html,38,
/nobel_prizes/medicine/laureates/1911/index.html,38,
/nobel_prizes/medicine/laureates/1912/index.html,38,
/nobel_prizes/medicine/laureates/1928/index.html,38,
/nobel_prizes/peace/laureates/1902/index.html,38,
/nobel_prizes/peace/laureates/1945/index.html,38,
/nobel_prizes/chemistry/laureates/1934/index.html,37,
/nobel_prizes/medicine/laureates/1910/index.html,37,
/nobel_prizes/medicine/laureates/1913/index.html,37,
/nobel_prizes/peace/laureates/1932/index.html,37,
/nobel_prizes/peace/laureates/1933/index.html,37,
/nobel_prizes/peace/laureates/1947/index.html,37,
/nobel_prizes/peace/laureates/1921/index.html,36,
/nobel_prizes/peace/laureates/1925/index.html,36,
/nobel_prizes/peace/laureates/1944/index.html,36,
/nobel_prizes/physics/laureates/1942/index.html,36,
/nobel_prizes/chemistry/laureates/1925/index.html,35,
/nobel_prizes/chemistry/laureates/1926/index.html,35,
/nobel_prizes/chemistry/laureates/1966/index.html,35,
/nobel_prizes/chemistry/laureates/1984/index.html,35,
/nobel_prizes/literature/laureates/1915/index.html,35,
/nobel_prizes/literature/laureates/1926/index.html,35,
/nobel_prizes/literature/laureates/1928/index.html,35,
/nobel_prizes/peace/laureates/1926/index.html,35,
/nobel_prizes/chemistry/laureates/1956/index.html,34,
/nobel_prizes/literature/laureates/1984/index.html,34,
/nobel_prizes/physics/laureates/1940/index.html,34,
/nobel_prizes/chemistry/laureates/1970/index.html,33,
/nobel_prizes/literature/laureates/1912/index.html,33,
/nobel_prizes/literature/laureates/1934/index.html,33,
/nobel_prizes/literature/laureates/1944/index.html,33,
/nobel_prizes/literature/laureates/1960/index.html,33,
/nobel_prizes/peace/laureates/1911/index.html,33,
/nobel_prizes/chemistry/laureates/1949/index.html,32,
/nobel_prizes/literature/laureates/1908/index.html,32,
/nobel_prizes/literature/laureates/1910/index.html,32,
/nobel_prizes/literature/laureates/1911/index.html,32,
/nobel_prizes/medicine/laureates/1919/index.html,32,
/nobel_prizes/medicine/laureates/1944/index.html,32,
/nobel_prizes/peace/laureates/1917/index.html,32,
/nobel_prizes/peace/laureates/1948/index.html,32,
/nobel_prizes/chemistry/laureates/1955/index.html,31,
/nobel_prizes/literature/laureates/1933/index.html,31,
/nobel_prizes/literature/laureates/1956/index.html,31,
/nobel_prizes/medicine/laureates/1957/index.html,31,
/nobel_prizes/peace/laureates/1903/index.html,31,
/nobel_prizes/peace/laureates/1913/index.html,31,
/nobel_prizes/literature/laureates/1916/index.html,30,
/nobel_prizes/peace/laureates/1939/index.html,30,
/nobel_prizes/peace/laureates/1953/index.html,30,
/nobel_prizes/literature/laureates/1951/index.html,29,
/nobel_prizes/medicine/laureates/1935/index.html,29,
/nobel_prizes/literature/laureates/1932/index.html,28,
/nobel_prizes/peace/laureates/1904/index.html,28,
/nobel_prizes/peace/laureates/1934/index.html,28,
/nobel_prizes/peace/laureates/1959/index.html,28,
/nobel_prizes/physics/laureates/1941/index.html,28,
/nobel_prizes/literature/laureates/1931/index.html,27,
/nobel_prizes/literature/laureates/1952/index.html,27,
/nobel_prizes/medicine/laureates/1939/index.html,27,
/nobel_prizes/peace/laureates/1907/index.html,27,
/nobel_prizes/peace/laureates/1927/index.html,27,
/nobel_prizes/peace/laureates/1936/index.html,27,
/nobel_prizes/chemistry/laureates/1928/index.html,26,
/nobel_prizes/chemistry/laureates/1976/index.html,26,
/nobel_prizes/literature/laureates/1906/index.html,26,
/nobel_prizes/literature/laureates/1959/index.html,26,
/nobel_prizes/peace/laureates/1929/index.html,26,
/nobel_prizes/peace/laureates/1930/index.html,26,
/nobel_prizes/peace/laureates/1937/index.html,25,
/nobel_prizes/peace/laureates/1920/index.html,24,
/nobel_prizes/peace/laureates/1924/index.html,24,
/nobel_prizes/chemistry/laureates/1919/index.html,23,
/nobel_prizes/chemistry/laureates/1933/index.html,23,
/nobel_prizes/literature/laureates/1917/index.html,23,
/nobel_prizes/medicine/laureates/1920/index.html,23,
/nobel_prizes/medicine/laureates/1926/index.html,23,
/nobel_prizes/peace/laureates/1923/index.html,23,
/nobel_prizes/peace/laureates/1942/index.html,23,
/nobel_prizes/chemistry/laureates/1971/index.html,22,
/nobel_prizes/literature/laureates/1922/index.html,22,
/nobel_prizes/literature/laureates/1937/index.html,22,
/nobel_prizes/medicine/laureates/1921/index.html,22,
/nobel_prizes/peace/laureates/1912/index.html,22,
/nobel_prizes/chemistry/laureates/1923/index.html,21,
/nobel_prizes/literature/laureates/1939/index.html,21,
/nobel_prizes/medicine/laureates/1914/index.html,21,
/nobel_prizes/peace/laureates/1908/index.html,21,
/nobel_prizes/peace/laureates/1955/index.html,21,
/nobel_prizes/literature/laureates/1919/index.html,20,
/nobel_prizes/medicine/laureates/1955/index.html,20,
/nobel_prizes/peace/laureates/1909/index.html,20,
/nobel_prizes/chemistry/laureates/1917/index.html,18,
/nobel_prizes/chemistry/laureates/1974/index.html,18,
/nobel_prizes/literature/laureates/1942/index.html,18,
/nobel_prizes/peace/laureates/1958/index.html,18,
/nobel_prizes/chemistry/laureates/1916/index.html,17,
/nobel_prizes/literature/laureates/1918/index.html,17,
/nobel_prizes/medicine/laureates/1938/index.html,17,
/nobel_prizes/peace/laureates/1951/index.html,17,
/nobel_prizes/peace/laureates/1979/index.html?sr=nl_5things_motherteresanobelprize,17,
/nobel_prizes/medicine/laureates/1942/index.html,16,
/nobel_prizes/chemistry/laureates/1924/index.html,15,
/nobel_prizes/medicine/laureates/1915/index.html,15,
/nobel_prizes/medicine/laureates/1941/index.html,15,
/nobel_prizes/medicine/laureates/1916/index.html,14,
/nobel_prizes/peace/laureates/1915/index.html,14,
/nobel_prizes/peace/laureates/1918/index.html,14,
/nobel_prizes/peace/laureates/1943/index.html,14,
/nobel_prizes/peace/laureates/1956/index.html,14,
/nobel_prizes/chemistry/laureates/1940/index.html,13,
/nobel_prizes/literature/laureates/1943/index.html,13,
/nobel_prizes/peace/laureates/1914/index.html,13,
/nobel_prizes/peace/laureates/1941/index.html,13,
/nobel_prizes/physics/laureates/1900/index.html,13,
/nobel_prizes/chemistry/laureates/1942/index.html,12,
/nobel_prizes/medicine/laureates/1917/index.html,12,
/nobel_prizes/medicine/laureates/1925/index.html,12,
/nobel_prizes/peace/laureates/1910/index.html,12,
/nobel_prizes/peace/laureates/1928/index.html,12,
/nobel_prizes/literature/laureates/1935/index.html,11,
/nobel_prizes/medicine/laureates/1918/index.html,11,
/nobel_prizes/peace/laureates/1916/index.html,11,
/nobel_prizes/peace/laureates/2018/index.html,11,
/nobel_prizes/chemistry/laureates/1941/index.html,10,
/nobel_prizes/medicine/laureates/1940/index.html,10,
/nobel_prizes/peace/laureates/1940/index.html,10,
/nobel_prizes/physics/laureates/2018/index.html,10,
/nobel_prizes/literature/laureates/1941/index.html,9,
/nobel_prizes/literature/laureates/1940/index.html,8,
/nobel_prizes/literature/laureates/1900/index.html,7,
/nobel_prizes/medicine/laureates/2018/index.html,7,
/nobel_prizes/peace/laureates/1900/index.html,5,
/nobel_prizes/literature/laureates/2018/index.html,4,
/nobel_prizes/themes/peace/sejersted/ https://www.nobelprize.org/nobel_prizes/peace/laureates/1960/index.html,4,
/nobel_prizes/chemistry/laureates/2017/index.html?platform=hootsuite,3,
/nobel_prizes/chemistry/laureates/2018/index.html,3,
/nobel_prizes/literature/laureates/1899/index.html,3,
/nobel_prizes/medicine/laureates/1990/index.html?version=meter+at+null&module=meter-Links&pgtype=article&contentId=&mediaId=&referrer=&priority=true&action=click&contentCollection=meter-links-click,3,
/nobel_prizes/peace/laureates/1964/index.html?next=,3,
/nobel_prizes/peace/laureates/2007/index.html?rand=190308847,3,
/nobel_prizes/physics/laureates/2017/index.html?ref=hvper.com,3,
/nobel_prizes/chemistry/laureates/1200/index.html,2,
/nobel_prizes/chemistry/laureates/2019/index.html,2,
/nobel_prizes/literature/laureates/1838/index.html,2,
/nobel_prizes/literature/laureates/2017/index.html?mkt_tok=eyJpIjoiWVRnd09HWmxOVFprWkRnMSIsInQiOiJzVmQ4WW1IeERzQ3lWV3B1eUNoYzBrYzFBbTB1YWhhaDk3NHJoSld0RTFJazVnWGRaQ2ZIUmlIaXJRenp6cWdHaXZJXC8zZFZmaTd4R2IrWFRvZXFuU2c9PSJ9,2,
/nobel_prizes/medicine/laureates/1905/index.html?_sm_au_=iVVFsHsDMmS5RS8M,2,
/nobel_prizes/peace/laureates/1890/index.html,2,
/nobel_prizes/peace/laureates/1899/index.html,2,
/nobel_prizes/peace/laureates/1993/index.html.,2,
/nobel_prizes/physics/laureates/1766/index.html,2,
/nobel_prizes/physics/laureates/1896/index.html,2,
/nobel_prizes/chemistry/laureates/1010/index.html,1,
/nobel_prizes/chemistry/laureates/1030/index.html,1,
/nobel_prizes/chemistry/laureates/1867/index.html,1,
/nobel_prizes/chemistry/laureates/1900/index.html,1,
/nobel_prizes/chemistry/laureates/1951/index.html/seaborg.html,1,
/nobel_prizes/chemistry/laureates/2017/index.html?from=timeline&isappinstalled=0,1,
/nobel_prizes/chemistry/laureates/2045/index.html,1,
/nobel_prizes/literature/laureates/1028/index.html,1,
/nobel_prizes/literature/laureates/1190/index.html,1,
/nobel_prizes/literature/laureates/1378/index.html,1,
/nobel_prizes/literature/laureates/1490/index.html,1,
/nobel_prizes/literature/laureates/1776/index.html,1,
/nobel_prizes/literature/laureates/1847/index.html,1,
/nobel_prizes/literature/laureates/1890/index.html,1,
/nobel_prizes/literature/laureates/2093/index.html,1,
/nobel_prizes/literature/laureates/2105/index.html,1,
/nobel_prizes/literature/laureates/2107/index.html,1,
/nobel_prizes/literature/laureates/2157/index.html,1,
/nobel_prizes/literature/laureates/2201/index.html,1,
/nobel_prizes/medical/laureates/2017/index.html,1,
/nobel_prizes/medicine/laureates/1066/index.html,1,
/nobel_prizes/medicine/laureates/1700/index.html,1,
/nobel_prizes/medicine/laureates/1865/index.html,1,
/nobel_prizes/medicine/laureates/1886/index.html,1,
/nobel_prizes/medicine/laureates/1900/index.html,1,
/nobel_prizes/medicine/laureates/1962/index.html?mobilizer=undefined,1,
/nobel_prizes/medicine/laureates/2008/index.html?rand=,1,
/nobel_prizes/medicine/laureates/2012/index.html?pageNum_GetGreetings=2&totalRows_GetGreetings=1093,1,
/nobel_prizes/medicine/laureates/2012/index.html?sa=X&ved=0ahUKEwihlZTe97jXAhVmCpoKHVS-AswQ9QEIDjAA,1,
/nobel_prizes/medicine/laureates/2017/index.html?from=timeline,1,
/nobel_prizes/medicine/laureates/2050/index.html,1,
/nobel_prizes/medicine/laureates/2066/index.html,1,
/nobel_prizes/medicine/laureates/6589/index.html,1,
/nobel_prizes/peace/laureates/0001/index.html,1,
/nobel_prizes/peace/laureates/1211/index.html,1,
/nobel_prizes/peace/laureates/1555/index.html,1,
/nobel_prizes/peace/laureates/1700/index.html,1,
/nobel_prizes/peace/laureates/1800/index.html,1,
/nobel_prizes/peace/laureates/1801/index.html,1,
/nobel_prizes/peace/laureates/1860/index.html,1,
/nobel_prizes/peace/laureates/1864/index.html,1,
/nobel_prizes/peace/laureates/1880/index.html,1,
/nobel_prizes/peace/laureates/1884/index.html,1,
/nobel_prizes/peace/laureates/2010/index.html?from=timeline&isappinstalled=0,1,
/nobel_prizes/peace/laureates/2017/index.html?mc_cid=1b3f2ada67&mc_eid=[UNIQID],1,
/nobel_prizes/peace/laureates/2019/index.html,1,
/nobel_prizes/peace/laureates/2045/index.html,1,
/nobel_prizes/peace/laureates/2963/index.html,1,
/nobel_prizes/peace/laureates/2999/index.html,1,
/nobel_prizes/physics/laureates/1000/index.html,1,
/nobel_prizes/physics/laureates/1650/index.html,1,
/nobel_prizes/physics/laureates/1825/index.html,1,
/nobel_prizes/physics/laureates/1879/index.html,1,
/nobel_prizes/physics/laureates/1883/index.html,1,
/nobel_prizes/physics/laureates/1893/index.html,1,
/nobel_prizes/physics/laureates/1897/index.html,1,
/nobel_prizes/physics/laureates/1899/index.html,1,
/nobel_prizes/physics/laureates/1901/index.html/rontgen.html,1,
/nobel_prizes/physics/laureates/1905/index.html/alfred_nobel/library/index.html,1,
/nobel_prizes/physics/laureates/1906/index.html.,1,
/nobel_prizes/physics/laureates/1947/index.html?guid=on,1,
/nobel_prizes/physics/laureates/1985/index.html?sa=X&sqi=2&ved=0ahUKEwjnxcjY1rnXAhWC6qQKHTdPAo4Q_B0IHDAA,1,
/nobel_prizes/physics/laureates/2007/index.html?rand=1533114461,1,
/nobel_prizes/physics/laureates/2016/index.html?from=timeline,1,
/nobel_prizes/physics/laureates/2016/index.html?from=timeline&isappinstalled=0,1,
/nobel_prizes/physics/laureates/2021/index.html,1,
/nobel_prizes/physics/laureates/2023/index.html,1,
/nobel_prizes/physics/laureates/2025/index.html,1,
/nobel_prizes/physics/laureates/2050/index.html,1,
/nobel_prizes/physics/laureates/2198/index.html,1,
/nobel_prizes/physics/laureates/2917/index.html,1,
/nobel_prizes/physics/laureates/3003/index.html,1,
/nobel_prizes/physics/laureates/8018/index.html,1,